﻿{
    "exportDump": {
        "variables": {
            "phase": "PHASE",
            "userName": "USER_NAME",
            "dbName": "DB_NAME",
            "sysDate": "SYS_DATE",
            "tables": "TABLES"
        }
    },
    "importDump": {
        "variables": {
            "impParFile": "imp PARFILE",
            "userId": "USERID",
            "file": "FILE",
            "fromUser": "FROMUSER",
            "toUser": "TOUSER",
            "log": "LOG",
            "tables": "TABLES"
        }
    },
    "rateDump": {
        "tableList": [
            "CM_RATEP",
            "CM_RATEV",
            "CM_RATEW"
        ],
        "tableObject": {
            "rateP": "CM_RATEP",
            "rateV": "CM_RATEV",
            "rateW": "CM_RATEW"
        },
        "variables": {
            "phase": "PHASE",
            "userName": "USER_NAME",
            "dbName": "DB_NAME",
            "sysDate": "SYS_DATE",
            "tableName": "TABLE_NAME",
            "syouhnCd": "SYOUHN_CD",
            "ryourituVer": "RYOURITU_VER"
        }
    }
}