﻿{
    "dataCopy": {
        "tableListObject": {
            "required": [
                "KT_KokKykKanren",
                "KT_NayoseKihon",
                "WFT_KouteiKanri",
                "WFT_Document",
                "CM_SyonoKanri"
            ],
            "iwf": [
                "WFT_HtySyoruiKanri",
                "WFT_SyoriRrk",
                "WFT_SyoriWariate",
                "WFT_TorikomiKanri",
                "WFT_Page",
                "WFT_PDFHozon"
            ],
            "skei": [
                "ST_SyoriCTL",
                "ST_Authori",
                "ST_AuthoriData",
                "ST_AuthoriKekData",
                "ST_AuthoriRrk",
                "ST_CCMosInfoKanri",
                "ST_CreditCardJyouhou",
                "ST_CreditCardJyouhouVrf",
                "ST_DakuhiKettei",
                "ST_DenpyoData",
                "ST_DensouJkKanri",
                "ST_DntSyouninsyo",
                "ST_EntryCreditCardJyouhou",
                "ST_EntryHoujyou",
                "ST_EntryKokutisyo",
                "ST_EntryKotininKnsInfo",
                "ST_EntryKouzaJyouhou",
                "ST_EntryTratkihkkInfo",
                "ST_FBSoukinData",
                "ST_Henkin",
                "ST_HenteiRireki",
                "ST_Houjyou",
                "ST_HoujyouVrf",
                "ST_HrkmKouzaKanri",
                "ST_HrkmNyknData",
                "ST_Hubi",
                "ST_HubiMsg",
                "ST_ImusateiRrk",
                "ST_ImusateiSyhnTkj",
                "ST_ImusateiTkjy",
                "ST_ImuSonotaTkJktk",
                "ST_ItijiKettei",
                "ST_JizenAuthoriJyouhou",
                "ST_KbtAuthoriBrf",
                "ST_KmTsRrk",
                "ST_KnksateiRrk",
                "ST_Kokutisyo",
                "ST_KokutisyoVrf",
                "ST_KokutisyoBatchInfo",
                "ST_KokutisyoBatchMissList",
                "ST_KotininKnsInfo",
                "ST_KotininKnsInfoVrf",
                "ST_KouzaJyouhou",
                "ST_KouzaJyouhouVrf",
                "ST_KtsjMsg",
                "ST_KtsjMsgDetail",
                "ST_KykKak",
                "ST_KzhuriAnnaiData",
                "ST_LincSkeiJyusinInfo",
                "ST_LincSkeiSousinInfo",
                "ST_MosBatchInfo",
                "ST_MosBatchMissList",
                "ST_MosDairiten",
                "ST_MosDairitenVrf",
                "ST_MosKihon",
                "ST_MosKihonVrf",
                "ST_MosSyouhin",
                "ST_MosSyouhinVrf",
                "ST_NrkDif",
                "ST_Nyuukin",
                "ST_PlMosKihon",
                "ST_RuleHanteiMsg",
                "ST_SdnMossyo",
                "ST_SkeiLincTourokuInfo",
                "ST_SmbcStyKnr",
                "ST_SmbcStyKnrSsRrk",
                "ST_SonotaTkJktk",
                "ST_SonotaTkJktkRireki",
                "ST_SyouhinTokujyou",
                "ST_SyouhinTokujyouRireki",
                "ST_SyunoKekkaData",
                "ST_TasyaKaiyakuKeiyakuInfo",
                "ST_Tokujyou",
                "ST_TokujyouRireki",
                "ST_Tokunin",
                "ST_TtdkTyuui",
                "ST_TtdkTyuuiKanri",
                "ST_Tuusan",
                "ST_TyouhyouIndexData",
                "ST_Uketorinin",
                "ST_UketorininVrf",
                "ST_UriageData",
                "ST_UriageKekkaData",
                "ST_KetteiSijisyo",
                "ST_KetteiSijisyoAtukai",
                "ST_KykKakIraisyo",
                "ST_KykKakIraisyoAtukai",
                "ST_TkjSydksyo",
                "ST_TkjSydksyoAtukai",
                "ST_TkjSydksyoJkn",
                "ST_TkjSydksyoTkj",
                "ST_YuukoukknKykList",
                "ST_YuukoukknKykListAtukai",
                "ST_WebTkjSydksyo",
                "ST_WebTkjSydksyoJkn",
                "ST_WebTkjSydksyoTkj",
                "DT_MypageUser",
                "DT_MypageOsirase",
                "DT_MypageOsiraseHokan",
                "CT_AuthoriKekDataHhj",
                "CT_CreditUktkKanri"
            ],
            "kkanri": [
                "KT_AnsyuCreditcard",
                "KT_AnsyuCreditHhj",
                "KT_AnsyuKihon",
                "KT_AnsyuRrk",
                "KT_AuthoriData",
                "KT_AuthoriKekData",
                "KT_CCKokKykInfo",
                "KT_CCKykInfo",
                "KT_ChkYukokekkaData",
                "KT_ChkYuukousei",
                "KT_Creditcard",
                "KT_DairitenIkanInfoRendou",
                "KT_DattaiUktk",
                "KT_DenpyoData",
                "KT_FatcaInfo",
                "KT_FBSoukinData",
                "KT_GaibuInsatuHsInfo",
                "KT_GaibuInsatuHsInfoRnd",
                "KT_GaibuInsatuHsInfoSkj",
                "KT_GaibuInsatuHsInfoStk",
                "KT_HaraimanTuuti",
                "KT_Hb",
                "KT_HhknSya",
                "KT_HnknIraiInfo",
                "KT_HokenSyouken",
                "KT_HrkmIraiInfo",
                "KT_HrkmNyknData",
                "KT_HurikomiIraiTuuti",
                "KT_Kariukekin",
                "KT_KihrkpSeisanRrk",
                "KT_KijituTouraiAnnai",
                "KT_KkHenkouRrk",
                "KT_KkHrhnkRrk",
                "KT_KkHukkatuKokutiRrk",
                "KT_KkNaiKakuRrk",
                "KT_KkShrRrk",
                "KT_KkShrRrkDtl",
                "KT_Kksiharaityousyo",
                "KT_KkTtdkRrk",
                "KT_KkTtdkTyuui",
                "KT_KokSentakuInfo",
                "KT_KoujyoSym",
                "KT_KoujyoSymKnr",
                "KT_KoujyoSymNaiyou",
                "KT_KoujyoSymPRrk",
                "KT_KoujyoSymSougou",
                "KT_KykDairiten",
                "KT_KykKihon",
                "KT_KykNaiyouTuuti",
                "KT_KykSonotaTk",
                "KT_KykSya",
                "KT_KykSyaKokKanri",
                "KT_KykSyhnRrk",
                "KT_KykSyouhn",
                "KT_Kz",
                "KT_KzhuriAnnaiData",
                "KT_KzhuriMinyuTuuti",
                "KT_KzhuriStartAnnai",
                "KT_LincKkSousinInfo",
                "KT_MinyuList",
                "KT_MRInfo",
                "KT_MukouTuuti",
                "KT_NenkinInfoTorikomi",
                "KT_NkIkouInfo",
                "KT_NkInfoRendouReady",
                "KT_NkSkUktk",
                "KT_NyknJskRrk",
                "KT_PrivacyHogo",
                "KT_SaihkkinskData",
                "KT_SaihokenData",
                "KT_SikkouTuuti",
                "KT_SinkokuyokokuTuuti",
                "KT_SkgTtdSaiKanRrk",
                "KT_SkHrkthnkHozon",
                "KT_SkKaiyakuHozon",
                "KT_SkKykhnkHozon",
                "KT_SkKyktrksHozon",
                "KT_SkMeigihnkHozon",
                "KT_SkSeiymdSeiHozon",
                "KT_SougouTuuti",
                "KT_StyjkKanri",
                "KT_Suiihyou",
                "KT_SyhnNenkinRrk",
                "KT_SyhnTokujouRrk",
                "KT_SyouhnNenkin",
                "KT_SyouhnTokujou",
                "KT_SyunoHenknRrk",
                "KT_SyunoKekkaData",
                "KT_SyusaiInfo",
                "KT_Tesuuryou",
                "KT_TesuuryouSyouhn",
                "KT_TesuuryouSyouhnRrk",
                "KT_Tokusin",
                "KT_TRAuthoriKekka",
                "KT_TRAuthoriKekkaHhj",
                "KT_TRChkYukokekka",
                "KT_TRDattai",
                "KT_TRMinyuu",
                "KT_TRNyuukin",
                "KT_TtdkKan",
                "KT_Ukt",
                "KT_UriageData",
                "KT_UriageDataHhj",
                "KT_UriageKekkaData",
                "KT_UriageKekkaDataHhj",
                "KT_YykIdouAnsyuCredit",
                "KT_YykIdouDtlHrhnk",
                "KT_YykIdouNaiyoHrhnk",
                "KT_YykIdouUktk",
                "KT_BAK_AnsyuCreditcard",
                "KT_BAK_AnsyuKihon",
                "KT_BAK_AnsyuRrk",
                "KT_BAK_AuthoriData",
                "KT_BAK_Creditcard",
                "KT_BAK_AnsyuCreditHhj",
                "KT_BAK_DattaiUktk",
                "KT_BAK_DenpyoData",
                "KT_BAK_FatcaInfo",
                "KT_BAK_FBSoukinData",
                "KT_BAK_GaibuInsatuHsInfo",
                "KT_BAK_HhknSya",
                "KT_BAK_HokenSyouken",
                "KT_BAK_Kariukekin",
                "KT_BAK_KihrkpSeisanRrk",
                "KT_BAK_KkHenkouRrk",
                "KT_BAK_KkShrRrk",
                "KT_BAK_KkShrRrkDtl",
                "KT_BAK_KkTtdkTyuui",
                "KT_BAK_KokKykKanren",
                "KT_BAK_KokSentakuInfo",
                "KT_BAK_KoujyoSym",
                "KT_BAK_KoujyoSymKnr",
                "KT_BAK_KoujyoSymNaiyou",
                "KT_BAK_KoujyoSymPRrk",
                "KT_BAK_KrsyaKzk",
                "KT_BAK_KykDairiten",
                "KT_BAK_KykKihon",
                "KT_BAK_KykSonotaTk",
                "KT_BAK_KykSya",
                "KT_BAK_KykSyaHenkouRrk",
                "KT_BAK_KykSyhnRrk",
                "KT_BAK_KykSyouhn",
                "KT_BAK_Kz",
                "KT_BAK_LincKkSousinInfo",
                "KT_BAK_NayoseKihon",
                "KT_BAK_NyknJskRrk",
                "KT_BAK_PrivacyHogo",
                "KT_BAK_Suiihyou",
                "KT_BAK_SyhnNenkinRrk",
                "KT_BAK_SyhnTokujouRrk",
                "KT_BAK_SyouhnNenkin",
                "KT_BAK_SyouhnTokujou",
                "KT_BAK_SyunoHenknRrk",
                "KT_BAK_Tesuuryou",
                "KT_BAK_TesuuryouSyouhn",
                "KT_BAK_TesuuryouSyouhnRrk",
                "KT_BAK_Tokusin",
                "KT_BAK_TtdkKan",
                "KT_BAK_Ukt",
                "KT_BAK_YykIdouAnsyuCredit",
                "KT_BAK_YykIdouDtlHrhnk",
                "KT_BAK_YykIdouNaiyoHrhnk",
                "KT_BAK_YykIdouUktk",
                "KT_BAK_YykIdouDtlHrhnk",
                "CT_BAK_CreditUktkKanri",
                "KT_DEL_AnsyuCreditcard",
                "KT_DEL_AnsyuCreditHhj",
                "KT_DEL_AnsyuKihon",
                "KT_DEL_AnsyuRrk",
                "KT_DEL_Creditcard",
                "KT_DEL_DattaiUktk",
                "KT_DEL_FatcaInfo",
                "KT_DEL_HhknSya",
                "KT_DEL_HokenSyouken",
                "KT_DEL_HrkmIraiInfo",
                "KT_DEL_HurikomiIraiTuuti",
                "KT_DEL_KkHenkouRrk",
                "KT_DEL_KkTtdkRrk",
                "KT_DEL_KkTtdkTyuui",
                "KT_DEL_KokSentakuInfo",
                "KT_DEL_KoujyoSym",
                "KT_DEL_KoujyoSymKnr",
                "KT_DEL_KoujyoSymNaiyou",
                "KT_DEL_KoujyoSymSougou",
                "KT_DEL_KykDairiten",
                "KT_DEL_KykKihon",
                "KT_DEL_KykSonotaTk",
                "KT_DEL_KykSya",
                "KT_DEL_KykSyhnRrk",
                "KT_DEL_KykSyouhn",
                "KT_DEL_Kz",
                "KT_DEL_KzhuriStartAnnai",
                "KT_DEL_MRInfo",
                "KT_DEL_NyknJskRrk",
                "KT_DEL_SougouTuuti",
                "KT_DEL_StyjkKanri",
                "KT_DEL_Suiihyou",
                "KT_DEL_SyhnTokujouRrk",
                "KT_DEL_SyouhnTokujou",
                "KT_DEL_SyusaiInfo",
                "KT_DEL_Ukt",
                "KT_DEL_UriageDataHhj",
                "AT_DairitenSskTsryKihon",
                "AT_BonusJissyuuHknryRrk",
                "AT_CmpnJissyuuHknryRrk",
                "AT_DairitenTsryTyobo"
            ],
            "hksiharai": [
                "HKT_DataNrkKanri",
                "HKT_DenpyoData",
                "HKT_FBSoukinData",
                "HKT_Hb",
                "HKT_HbDtl",
                "HKT_Hksiharaityousyo",
                "HKT_KskIraiData",
                "HKT_KskIraiDataRendo",
                "HKT_KskIraiDataSaitaikey",
                "HKT_KskIraiDataSakujyo",
                "HKT_KskKekkaData",
                "HKT_KskKekkaDataRendo",
                "HKT_KskKekkaDataSaitaikey",
                "HKT_KskKekkaDataSakujyo",
                "HKT_KsnBikinKanri",
                "HKT_KsnHb",
                "HKT_KsnHbDtl",
                "HKT_KsnMouside",
                "HKT_KsnSateiRrk",
                "HKT_KsnShrMeisai",
                "HKT_KsnShrMeisaiKkn",
                "HKT_KsnShrRrk",
                "HKT_KsnSk",
                "HKT_KsnSkByoumei",
                "HKT_KsnSkJiyuu",
                "HKT_KsnSkKihon",
                "HKT_KsnSkKkn",
                "HKT_KsnSkTuuinbi",
                "HKT_KsnTtdkRrk",
                "HKT_KsnTusanToutatu",
                "HKT_KsnTyousaRrk",
                "HKT_KykKihon",
                "HKT_KykSyouhin",
                "HKT_MisyuupMkkpDetail",
                "HKT_MisyuupMkkpSyhn",
                "HKT_MisyuupMkkpSyhnRendo",
                "HKT_MisyuupRendo",
                "HKT_Mouside",
                "HKT_MousideRendo",
                "HKT_MousideSaitaikey",
                "HKT_MousideSakujyo",
                "HKT_NrMojiyureHoseiKekka",
                "HKT_NrRssyo",
                "HKT_NrSk",
                "HKT_NrSkByoumei",
                "HKT_NrSkDif",
                "HKT_NrSkJiyuu",
                "HKT_NrSkJiyuuRendo",
                "HKT_NrSkJiyuuSaitaikey",
                "HKT_NrSkJiyuuSakujyo",
                "HKT_NrSkKkn",
                "HKT_NrSkTuuinbi",
                "HKT_Outai",
                "HKT_Rssyo",
                "HKT_RssyoRendo",
                "HKT_RssyoSaitaikey",
                "HKT_RssyoSakujyo",
                "HKT_SateiRrk",
                "HKT_SateiRrkRendo",
                "HKT_SateiRrkSaitaikey",
                "HKT_SateiRrkSakujyo",
                "HKT_ShrKekka",
                "HKT_ShrKekkaSntk",
                "HKT_ShrKsRrk",
                "HKT_ShrKsRrkRendo",
                "HKT_ShrKsRrkSaitaikey",
                "HKT_ShrKsRrkSakujyo",
                "HKT_ShrMeisai",
                "HKT_ShrMeisaiKkn",
                "HKT_ShrMeisaiKknRendo",
                "HKT_ShrMeisaiKknSaitaikey",
                "HKT_ShrMeisaiKknSakujyo",
                "HKT_ShrMeisaiRendo",
                "HKT_ShrMeisaiSaitaikey",
                "HKT_ShrMeisaiSakujyo",
                "HKT_ShrMeisaiTuuin",
                "HKT_ShrMeisaiTuuinRendo",
                "HKT_ShrMeisaiTuuinSaitaikey",
                "HKT_ShrMeisaiTuuinSakujyo",
                "HKT_ShrRrk",
                "HKT_ShrRrkRendo",
                "HKT_ShrRrkSaitaikey",
                "HKT_ShrRrkSakujyo",
                "HKT_ShrSnsTyuui",
                "HKT_Sk",
                "HKT_SkByoumei",
                "HKT_SkByoumeiRendo",
                "HKT_SkByoumeiSaitaikey",
                "HKT_SkByoumeiSakujyo",
                "HKT_SkDif",
                "HKT_SkHMsg",
                "HKT_SkJiyuu",
                "HKT_SkJiyuuRendo",
                "HKT_SkJiyuuSaitaikey",
                "HKT_SkJiyuuSakujyo",
                "HKT_SkKansKanri",
                "HKT_SkKansRrk",
                "HKT_SkKansTuutiRendo",
                "HKT_SkKihon",
                "HKT_SkKihonRendo",
                "HKT_SkKihonSaitaikey",
                "HKT_SkKihonSakujyo",
                "HKT_SkKkn",
                "HKT_SkKknRendo",
                "HKT_SkKknSaitaikey",
                "HKT_SkKknSakujyo",
                "HKT_SkRendo",
                "HKT_SkRrk",
                "HKT_SkRrkRendo",
                "HKT_SkRrkSaitaikey",
                "HKT_SkRrkSakujyo",
                "HKT_SkSaitaikey",
                "HKT_SkSakujyo",
                "HKT_SkTuuinbi",
                "HKT_SkTuuinbiRendo",
                "HKT_SkTuuinbiSaitaikey",
                "HKT_SkTuuinbiSakujyo",
                "HKT_TtdkRrk",
                "HKT_TtdkRrkRendo",
                "HKT_TtdkRrkSaitaikey",
                "HKT_TtdkRrkSakujyo",
                "HKT_TusanToutatu",
                "HKT_TuuinShrHantei",
                "HKT_TuuinShrHanteiRendo",
                "HKT_TuuinShrHanteiSaitaikey",
                "HKT_TuuinShrHanteiSakujyo",
                "HKT_TyousaRrk",
                "HKT_TyousaRrkRendo",
                "HKT_TyousaRrkSaitaikey",
                "HKT_TyousaRrkSakujyo",
                "HKT_TyousaSyousai",
                "HKT_TyousaSyousaiRendo",
                "HKT_TyousaSyousaiSaitaikey",
                "HKT_TyousaSyousaiSakujyo",
                "HKT_Ukt"
            ]
        },
        "keySet": {
            "defaultKey": "S_SYONO",
            "KT_NayoseKihon": {
                "key": "S_KOKNO",
                "type": 0
            },
            "KT_BAK_NayoseKihon": {
                "key": "S_KOKNO",
                "type": 0
            },
            "CM_SyonoKanri": {
                "key": "S_SYONONINE",
                "type": 1
            },
            "DT_MypageUser": {
                "key": "S_MYPAGEUSERID",
                "type": 2
            },
            "DT_MypageOsirase": {
                "key": "S_MYPAGEUSERID",
                "type": 2
            },
            "DT_MypageOsiraseHokan": {
                "key": "S_MYPAGEUSERID",
                "type": 2
            },
            "HKT_HbDtl": {
                "key": "S_HUBISIKIBETUKEY",
                "type": 3
            },
            "HKT_KsnHbDtl": {
                "key": "S_HUBISIKIBETUKEY",
                "type": 4
            },
            "WFT_KouteiKanri": {
                "key": "S_SYONO",
                "type": 5
            },
            "WFT_Document": {
                "key": "S_KOUTEIKANRIID",
                "type": 6
            },
            "WFT_HtySyoruiKanri": {
                "key": "S_KOUTEIKANRIID",
                "type": 7
            },
            "WFT_SyoriRrk": {
                "key": "S_KOUTEIKANRIID",
                "type": 7
            },
            "WFT_SyoriWariate": {
                "key": "S_KOUTEIKANRIID",
                "type": 7
            },
            "WFT_TorikomiKanri": {
                "key": "S_DOCUMENTID",
                "type": 7
            },
            "WFT_Page": {
                "key": "S_DOCUMENTID",
                "type": 8
            },
            "WFT_PDFHozon": {
                "key": "S_DOCPAGEID",
                "type": 9
            }
        },
        "defineSet": {
            "table": {
                "mosKihon": "ST_MosKihon",
                "kokykKanren": "KT_KokKykKanren",
                "stHrkmKouzaKanri": "ST_HrkmKouzaKanri",
                "nayoseKihon": "KT_NayoseKihon",
                "stUkt": "ST_Uketorinin",
                "hktHb": "HKT_Hb",
                "hktKsnHb": "HKT_KsnHb",
                "dtMypageUser": "DT_MypageUser",
                "hktKihon": "HKT_KykKihon",
                "iwfKctl": "WFT_KouteiKanri",
                "iwfDocument": "WFT_Document",
                "iwfPage": "WFT_Page"
            },
            "column": {
                "policyNumber": "S_SYONO",
                "syonoNine": "S_SYONONINE",
                "kokNo": "S_KOKNO",
                "kouzaNo": "S_KOUZANO",
                "keihiKbn": "N_KEIHIKBN",
                "mosYmd": "S_MOSYMD",
                "mosKbn": "N_MOSKBN",
                "insuredNameKana": "S_HHKNNMKN",
                "insuredNameKanji": "S_HHKNNMKJ",
                "insuredBirthday": "S_HHKNSEIYMD",
                "contractorNameKana": "S_KYKNMKN",
                "contractorNameKanji": "S_KYKNMKJ",
                "contractorBirthday": "S_KYKSEIYMD",
                "myPageUserId": "S_MYPAGEUSERID",
                "hatubanKey": "S_HATUBANKEY",
                "uktSyuKbn": "N_UKTSYUKBN",
                "uktKbn": "N_UKTKBN",
                "kctlId": "S_KOUTEIKANRIID",
                "docId": "S_DOCUMENTID",
                "docPageId": "S_DOCPAGEID"
            },
            "baseTable": {
                "ktKokykKanren": { "table": "KT_KokKykKanren", "wg": "", "required": true },
                "stKihon": { "table": "ST_MosKihon", "wg": "skei", "required": false },
                "ktKihon": { "table": "KT_KykKihon", "wg": "kkanri", "required": false },
                "hktKihon": { "table": "HKT_KykKihon", "wg": "hksiharai", "required": false }
            },
            "checkTable": {
                "ktKokykKanren": { "table": "KT_KokKykKanren", "id": "S_SYONO", "wg": "", "required": true },
                "cmSyonoKanri": { "table": "CM_SyonoKanri", "id": "S_SYONONINE", "wg": "", "required": true },
                "stKihon": { "table": "ST_MosKihon", "id": "S_SYONO", "wg": "skei", "required": false },
                "ktKihon": { "table": "KT_KykKihon", "id": "S_SYONO", "wg": "kkanri", "required": false },
                "hktKihon": { "table": "HKT_KykKihon", "id": "S_SYONO", "wg": "hksiharai", "required": false }
            },
            "wg": {
                "skei": "skei",
                "kkanri": "kkanri",
                "hksiharai": "hksiharai"
            },
            "ukt": {
                "name": {
                    "kana": {
                        "lastName": {
                            "2": "シボウセイ",
                            "3": "シテイセイ",
                            "7": "シボウセイ",
                            "8": "ネンキンセイ",
                            "10": "トクシセイ"
                        },
                        "firstName": {
                            "2": "シボウメイ",
                            "3": "シテイメイ",
                            "7": "シボウメイ",
                            "8": "ネンキンメイ",
                            "10": "トクシメイ"
                        }
                    },
                    "kanji": {
                        "lastName": {
                            "2": "死亡姓",
                            "3": "指定姓",
                            "7": "死亡姓",
                            "8": "年金姓",
                            "10": "特死姓"
                        },
                        "firstName": {
                            "2": "死亡名",
                            "3": "指定名",
                            "7": "死亡名",
                            "8": "年金名",
                            "10": "特死名"
                        }
                    }
                }
            },
            "delete": {
                "priorityTableObject": {
                    "required": [
                        "KT_NayoseKihon",
                        "WFT_Document"
                    ],
                    "iwf": [
                    ],
                    "skei": [
                        "DT_MypageUser",
                        "DT_MypageOsirase",
                        "DT_MypageOsiraseHokan"
                    ],
                    "kkanri": [
                    ],
                    "hksiharai": [
                        "HKT_HbDtl",
                        "HKT_KsnHbDtl"
                    ]
                },
                "posteriorityTableList": [
                    "ST_MosKihon",
                    "HKT_Hb",
                    "KT_KokKykKanren",
                    "WFT_Page",
                    "WFT_Document",
                    "WFT_KouteiKanri"
                ]
            }
        },
        "rules": {
            "KT_KokKykKanren": {
                "S_KOKNO": {
                    "name": "identifyCustomerNumber",
                    "parameter": { "inherit": false },
                    "enable": true
                },
                "N_SKEIKIKEIYAKUKBN": {
                    "name": "changeTo",
                    "parameter": { "inherit": true, "to": "1" },
                    "enable": true
                },
                "S_MYPAGEUSERID": {
                    "name": "identifyMyPageUserId",
                    "parameter": { "inherit": false },
                    "enable": true
                },
                "S_KOSKINOUID": {
                    "name": "changeTo",
                    "parameter": { "inherit": true, "to": "mousikomisyo" },
                    "enable": true
                },
                "S_KOSID": {
                    "name": "changeTo",
                    "parameter": { "inherit": false, "to": "80563901" },
                    "enable": false
                }
            },
            "KT_NayoseKihon": {
                "S_KOKNO": {
                    "name": "getIdentifierCustomerNumber",
                    "parameter": { "inherit": false },
                    "enable": true
                }
            },
            "WFT_KouteiKanri": {
                "S_KOUTEIKANRIID": {
                    "name": "identifyKctlId",
                    "parameter": { "inherit": false },
                    "enable": true
                },
                "S_JIMUTETUZUKICD": {
                    "name": "deleteExceptByAdProcedure",
                    "parameter": { "inherit": true, "adProcedureList": ["skei", "skwb", "skmd", "sksk", "sktg"] },
                    "enable": true
                }
            },
            "WFT_Document": {
                "S_DOCUMENTID": {
                    "name": "identifyDocId",
                    "parameter": { "inherit": false },
                    "enable": true
                },
                "S_KOUTEIKANRIID": {
                    "name": "getIdentifierKctlId",
                    "parameter": { "inherit": false },
                    "enable": true
                }
            },
            "CM_SyonoKanri": {
                "S_HATUBANKEY": {
                    "name": "setPolicyNumberHead",
                    "parameter": { "inherit": false, "noneExcept": true },
                    "enable": true
                },
                "S_SYONONINE": {
                    "name": "slicePolicyNumber",
                    "parameter": { "inherit": false, "noneExcept": true },
                    "enable": true
                }
            },
            "ST_SyoriCTL": {
                "N_DOUJIMOSUMU": {
                    "name": "changeTo",
                    "parameter": { "inherit": true, "to": "0" },
                    "enable": true
                },
                "N_WEBDOUJIMOSUMU": {
                    "name": "changeTo",
                    "parameter": { "inherit": true, "to": "0" },
                    "enable": true
                }
            },
            "ST_DenpyoData": {
                "S_DENRENNO": {
                    "name": "getIdentifierTimeStamp",
                    "parameter": { "inherit": false },
                    "enable": true
                }
            },
            "ST_DensouJkKanri": {
                "S_DOCUMENTID": {
                    "name": "getIdentifierDocId",
                    "parameter": { "inherit": false },
                    "enable": true
                }
            },
            "ST_FBSoukinData": {
                "S_FBSOUKINDATASIKIBETUKEY": {
                    "name": "getIdentifierTimeStamp",
                    "parameter": { "inherit": false },
                    "enable": true
                }
            },
            "ST_HrkmKouzaKanri": {
                "S_KOUZANO": {
                    "name": "identifyAccountNumber",
                    "parameter": { "inherit": false },
                    "enable": true
                }
            },
            "ST_MosKihon": {
                "S_MYPAGEUSERID": {
                    "name": "getIdentifierMyPageUserId",
                    "parameter": { "inherit": false },
                    "enable": true
                }
            },
            "ST_TyouhyouIndexData": {
                "S_DOCUMENTID": {
                    "name": "getIdentifierDocId",
                    "parameter": { "inherit": false },
                    "enable": true
                }
            },
            "ST_UriageKekkaData": {
                "S_URIAGEKEKKADATARENNO": {
                    "name": "getIdentifierTimeStamp",
                    "parameter": { "inherit": false },
                    "enable": true
                }
            },
            "DT_MypageUser": {
                "S_MYPAGEUSERID": {
                    "name": "getIdentifierMyPageUserId",
                    "parameter": { "inherit": false },
                    "enable": true
                },
                "S_MYPAGELOGINID": {
                    "name": "setMyPageLoginId",
                    "parameter": { "inherit": false },
                    "enable": true
                },
                "S_TSINMAILADR": {
                    "name": "setMyPageMail",
                    "parameter": { "inherit": false },
                    "enable": true
                }
            },
            "DT_MypageOsirase": {
                "S_MYPAGEUSERID": {
                    "name": "getIdentifierMyPageUserId",
                    "parameter": { "inherit": false },
                    "enable": true
                }
            },
            "DT_MypageOsiraseHokan": {
                "S_MYPAGEUSERID": {
                    "name": "getIdentifierMyPageUserId",
                    "parameter": { "inherit": false },
                    "enable": true
                }
            },
            "KT_DenpyoData": {
                "S_DENRENNO": {
                    "name": "getIdentifierTimeStamp",
                    "parameter": { "inherit": false },
                    "enable": true
                }
            },
            "KT_BAK_DenpyoData": {
                "S_DENRENNO": {
                    "name": "getIdentifierTimeStamp",
                    "parameter": { "inherit": false },
                    "enable": true
                }
            },
            "KT_FBSoukinData": {
                "S_FBSOUKINDATASIKIBETUKEY": {
                    "name": "getIdentifierTimeStamp",
                    "parameter": { "inherit": false },
                    "enable": true
                }
            },
            "KT_BAK_FBSoukinData": {
                "S_FBSOUKINDATASIKIBETUKEY": {
                    "name": "getIdentifierTimeStamp",
                    "parameter": { "inherit": false },
                    "enable": true
                }
            },
            "KT_KkHrhnkRrk": {
                "S_KOUTEIKANRIID": {
                    "name": "getIdentifierKctlId",
                    "parameter": { "inherit": false },
                    "enable": true
                }
            },
            "KT_KkHukkatuKokutiRrk": {
                "S_KOUTEIKANRIID": {
                    "name": "getIdentifierKctlId",
                    "parameter": { "inherit": false },
                    "enable": true
                }
            },
            "KT_KkNaiKakuRrk": {
                "S_KOUTEIKANRIID": {
                    "name": "getIdentifierKctlId",
                    "parameter": { "inherit": false },
                    "enable": true
                }
            },
            "KT_SkHrkthnkHozon": {
                "S_KOUTEIKANRIID": {
                    "name": "getIdentifierKctlId",
                    "parameter": { "inherit": false },
                    "enable": true
                }
            },
            "KT_SkKaiyakuHozon": {
                "S_KOUTEIKANRIID": {
                    "name": "getIdentifierKctlId",
                    "parameter": { "inherit": false },
                    "enable": true
                }
            },
            "KT_SkKykhnkHozon": {
                "S_KOUTEIKANRIID": {
                    "name": "getIdentifierKctlId",
                    "parameter": { "inherit": false },
                    "enable": true
                }
            },
            "KT_SkKyktrksHozon": {
                "S_KOUTEIKANRIID": {
                    "name": "getIdentifierKctlId",
                    "parameter": { "inherit": false },
                    "enable": true
                }
            },
            "KT_SkMeigihnkHozon": {
                "S_KOUTEIKANRIID": {
                    "name": "getIdentifierKctlId",
                    "parameter": { "inherit": false },
                    "enable": true
                }
            },
            "KT_SkSeiymdSeiHozon": {
                "S_KOUTEIKANRIID": {
                    "name": "getIdentifierKctlId",
                    "parameter": { "inherit": false },
                    "enable": true
                }
            },
            "HKT_DataNrkKanri": {
                "S_DOCUMENTID": {
                    "name": "getIdentifierDocId",
                    "parameter": { "inherit": false },
                    "enable": true
                },
                "S_KOUTEIKANRIID": {
                    "name": "getIdentifierKctlId",
                    "parameter": { "inherit": false },
                    "enable": true
                }
            },
            "HKT_KskIraiData": {
                "S_DOCUMENTID": {
                    "name": "getIdentifierDocId",
                    "parameter": { "inherit": false },
                    "enable": true
                },
                "S_KOUTEIKANRIID": {
                    "name": "getIdentifierKctlId",
                    "parameter": { "inherit": false },
                    "enable": true
                }
            },
            "HKT_KskIraiDataRendo": {
                "S_DOCUMENTID": {
                    "name": "getIdentifierDocId",
                    "parameter": { "inherit": false },
                    "enable": true
                },
                "S_KOUTEIKANRIID": {
                    "name": "getIdentifierKctlId",
                    "parameter": { "inherit": false },
                    "enable": true
                }
            },
            "HKT_KskIraiDataSaitaikey": {
                "S_DOCUMENTID": {
                    "name": "getIdentifierDocId",
                    "parameter": { "inherit": false },
                    "enable": true
                }
            },
            "HKT_KskIraiDataSakujyo": {
                "S_DOCUMENTID": {
                    "name": "getIdentifierDocId",
                    "parameter": { "inherit": false },
                    "enable": true
                }
            },
            "HKT_KskKekkaData": {
                "S_DOCUMENTID": {
                    "name": "getIdentifierDocId",
                    "parameter": { "inherit": false },
                    "enable": true
                },
                "S_KOUTEIKANRIID": {
                    "name": "getIdentifierKctlId",
                    "parameter": { "inherit": false },
                    "enable": true
                }
            },
            "HKT_KskKekkaDataRendo": {
                "S_DOCUMENTID": {
                    "name": "getIdentifierDocId",
                    "parameter": { "inherit": false },
                    "enable": true
                },
                "S_KOUTEIKANRIID": {
                    "name": "getIdentifierKctlId",
                    "parameter": { "inherit": false },
                    "enable": true
                }
            },
            "HKT_KskKekkaDataSaitaikey": {
                "S_DOCUMENTID": {
                    "name": "getIdentifierDocId",
                    "parameter": { "inherit": false },
                    "enable": true
                }
            },
            "HKT_KskKekkaDataSakujyo": {
                "S_DOCUMENTID": {
                    "name": "getIdentifierDocId",
                    "parameter": { "inherit": false },
                    "enable": true
                }
            },
            "HKT_KsnTyousaRrk": {
                "S_KOUTEIKANRIID": {
                    "name": "getIdentifierKctlId",
                    "parameter": { "inherit": false },
                    "enable": true
                }
            },
            "HKT_NrRssyo": {
                "S_DOCUMENTID": {
                    "name": "getIdentifierDocId",
                    "parameter": { "inherit": false },
                    "enable": true
                }
            },
            "HKT_NrSk": {
                "S_DOCUMENTID": {
                    "name": "getIdentifierDocId",
                    "parameter": { "inherit": false },
                    "enable": true
                }
            },
            "HKT_NrSkByoumei": {
                "S_DOCUMENTID": {
                    "name": "getIdentifierDocId",
                    "parameter": { "inherit": false },
                    "enable": true
                }
            },
            "HKT_NrSkJiyuu": {
                "S_DOCUMENTID": {
                    "name": "getIdentifierDocId",
                    "parameter": { "inherit": false },
                    "enable": true
                }
            },
            "HKT_NrSkJiyuuRendo": {
                "S_DOCUMENTID": {
                    "name": "getIdentifierDocId",
                    "parameter": { "inherit": false },
                    "enable": true
                }
            },
            "HKT_NrSkKkn": {
                "S_DOCUMENTID": {
                    "name": "getIdentifierDocId",
                    "parameter": { "inherit": false },
                    "enable": true
                }
            },
            "HKT_NrSkTuuinbi": {
                "S_DOCUMENTID": {
                    "name": "getIdentifierDocId",
                    "parameter": { "inherit": false },
                    "enable": true
                }
            },
            "HKT_TyousaRrk": {
                "S_KOUTEIKANRIID": {
                    "name": "getIdentifierKctlId",
                    "parameter": { "inherit": false },
                    "enable": true
                }
            },
            "HKT_TyousaRrkRendo": {
                "S_KOUTEIKANRIID": {
                    "name": "getIdentifierKctlId",
                    "parameter": { "inherit": false },
                    "enable": true
                }
            },
            "WFT_HtySyoruiKanri": {
                "S_KOUTEIKANRIID": {
                    "name": "getIdentifierKctlId",
                    "parameter": { "inherit": false },
                    "enable": true
                }
            },
            "WFT_SyoriRrk": {
                "S_KOUTEIKANRIID": {
                    "name": "getIdentifierKctlId",
                    "parameter": { "inherit": false },
                    "enable": true
                }
            },
            "WFT_SyoriWariate": {
                "S_KOUTEIKANRIID": {
                    "name": "getIdentifierKctlId",
                    "parameter": { "inherit": false },
                    "enable": true
                }
            },
            "WFT_TorikomiKanri": {
                "S_DOCUMENTID": {
                    "name": "getIdentifierDocId",
                    "parameter": { "inherit": false },
                    "enable": true
                },
                "S_KOUTEIKANRIID": {
                    "name": "getIdentifierKctlId",
                    "parameter": { "inherit": false },
                    "enable": true
                }
            },
            "WFT_Page": {
                "S_DOCUMENTID": {
                    "name": "getIdentifierDocId",
                    "parameter": { "inherit": false },
                    "enable": true
                },
                "S_DOCPAGEID": {
                    "name": "identifyDocPageId",
                    "parameter": { "inherit": false },
                    "enable": true
                }
            },
            "WFT_PDFHozon": {
                "S_DOCPAGEID": {
                    "name": "getIdentifierDocPageId",
                    "parameter": { "inherit": false },
                    "enable": true
                }
            }
        },
        "template": {
            "Name_Birth": [
                {
                    "table": "ST_MosKihon",
                    "columns": ["S_HHKNNMKN", "S_HHKNNMKJ", "S_HHKNSEIYMD", "N_HHKNNEN", "S_KYKNMKN", "S_KYKNMKJ", "S_KYKSEIYMD", "N_KYKNEN"],
                    "enable": true
                },
                {
                    "table": "KT_NayoseKihon",
                    "columns": ["S_SEIONNMKN", "S_NMKN", "S_SEIYMD"],
                    "enable": true
                },
                {
                    "table": "ST_CCMosInfoKanri",
                    "columns": ["S_HHKNNMKJ", "S_HHKNNMKN", "S_HHKNSEIYMD", "N_HHKNNEN"],
                    "enable": true
                },
                {
                    "table": "ST_CreditCardJyouhou",
                    "columns": ["S_CREDITMEIGINMKN"],
                    "enable": false
                },
                {
                    "table": "ST_KouzaJyouhou",
                    "columns": ["S_KZMEIGINMKN"],
                    "enable": true
                },
                {
                    "table": "ST_KouzaJyouhouVrf",
                    "columns": ["S_KZMEIGINMKN"],
                    "enable": true
                },
                {
                    "table": "ST_FBSoukinData",
                    "columns": ["S_KZMEIGINMKN"],
                    "enable": true
                },
                {
                    "table": "ST_Henkin",
                    "columns": ["S_KZMEIGINMKN"],
                    "enable": true
                },
                {
                    "table": "ST_LincSkeiJyusinInfo",
                    "columns": ["S_LINC_HHKNNMKN", "S_LINC_HHKNNMKJ", "N_LINC_HHKNSEIYMD", "S_LINC_KYKNMKN", "S_LINC_KYKNMKJ", "N_LINC_KYKSEIYMD"],
                    "enable": true
                },
                {
                    "table": "ST_LincSkeiSousinInfo",
                    "columns": ["S_LINC_HHKNNMKN", "S_LINC_HHKNNMKJ", "N_LINC_HHKNSEIYMD", "S_LINC_KYKNMKN", "S_LINC_KYKNMKJ", "N_LINC_KYKSEIYMD"],
                    "enable": true
                },
                {
                    "table": "ST_SkeiLincTourokuInfo",
                    "columns": ["S_HHKNNMKN", "S_HHKNNMKJ", "S_HHKNSEIYMD", "S_KYKNMKN", "S_KYKNMKJ", "S_KYKSEIYMD"],
                    "enable": true
                },
                {
                    "table": "ST_Uketorinin",
                    "columns": ["S_UKTNMKN", "S_UKTNMKJ"],
                    "enable": true
                },
                {
                    "table": "ST_UketorininVrf",
                    "columns": ["S_UKTNMKN", "S_UKTNMKJ"],
                    "enable": true
                },
                {
                    "table": "DT_MypageUser",
                    "columns": ["S_KYKNMKN", "S_KYKNMKJ", "S_KYKSEIYMD"],
                    "enable": true
                },
                {
                    "table": "KT_AnsyuRrk",
                    "columns": ["S_KZMEIGINMKN"],
                    "enable": true
                },
                {
                    "table": "KT_FBSoukinData",
                    "columns": ["S_KZMEIGINMKN"],
                    "enable": true
                },
                {
                    "table": "KT_BAK_FBSoukinData",
                    "columns": ["S_KZMEIGINMKN"],
                    "enable": true
                },
                {
                    "table": "KT_HhknSya",
                    "columns": ["S_HHKNNMKN", "S_HHKNNMKJ", "S_HHKNSEIYMD"],
                    "enable": true
                },
                {
                    "table": "KT_KykSya",
                    "columns": ["S_KYKNMKN", "S_KYKNMKJ", "S_KYKSEIYMD"],
                    "enable": true
                },
                {
                    "table": "KT_HokenSyouken",
                    "columns": ["S_KYKNMKJ", "S_HHKNNMKJ", "S_SBHENKANUKTNMKJ", "S_STDRSKNMKJ"],
                    "enable": true
                },
                {
                    "table": "KT_KoujyoSym",
                    "columns": ["S_KYKNMKJ"],
                    "enable": true
                },
                {
                    "table": "KT_Kz",
                    "columns": ["S_KZMEIGINMKN"],
                    "enable": true
                },
                {
                    "table": "KT_KzhuriAnnaiData",
                    "columns": ["S_KZMEIGINMKN", "S_KYKNMKN"],
                    "enable": true
                },
                {
                    "table": "KT_KzhuriStartAnnai",
                    "columns": ["S_KZMEIGINMKN", "S_KYKNMKJ", "S_HHKNNMKJ"],
                    "enable": true
                },
                {
                    "table": "KT_SaihokenData",
                    "columns": ["S_HHKNNMSEIKN", "S_HHKNNMMEIKN"],
                    "enable": true
                },
                {
                    "table": "KT_Ukt",
                    "columns": ["S_UKTNMKN", "S_UKTNMKJ"],
                    "enable": true
                }
            ]
        },
        "templateRules": {
            "Name_Birth": {
                "tables": {
                    "ST_MosKihon": {
                        "S_HHKNNMKN": {
                            "type": "name_kana", "target": "insured", "separator": "　"
                        },
                        "S_HHKNNMKJ": {
                            "type": "name_kanji", "target": "insured", "separator": "　"
                        },
                        "S_HHKNSEIYMD": {
                            "type": "birthday", "target": "insured"
                        },
                        "N_HHKNNEN": {
                            "type": "age", "target": "insured"
                        },
                        "S_KYKNMKN": {
                            "type": "name_kana", "target": "contractor_onExist", "separator": "　"
                        },
                        "S_KYKNMKJ": {
                            "type": "name_kanji", "target": "contractor_onExist", "separator": "　"
                        },
                        "S_KYKSEIYMD": {
                            "type": "birthday", "target": "contractor_onExist"
                        },
                        "N_KYKNEN": {
                            "type": "age", "target": "contractor_onExist"
                        }
                    },
                    "KT_NayoseKihon": {
                        "S_SEIONNMKN": {
                            "type": "name_kana", "target": "customer", "separator": ""
                        },
                        "S_NMKN": {
                            "type": "name_kana", "target": "customer", "separator": "　"
                        },
                        "S_SEIYMD": {
                            "type": "birthday", "target": "customer"
                        }
                    },
                    "ST_CCMosInfoKanri": {
                        "S_HHKNNMKJ": {
                            "type": "name_kana", "target": "insured", "separator": "　"
                        },
                        "S_HHKNNMKN": {
                            "type": "name_kanji", "target": "insured", "separator": "　"
                        },
                        "S_HHKNSEIYMD": {
                            "type": "birthday", "target": "insured"
                        },
                        "N_HHKNNEN": {
                            "type": "age", "target": "insured"
                        }
                    },
                    "ST_CreditCardJyouhou": {
                        "S_CREDITMEIGINMKN": {
                            "type": "name_kana", "target": "required_contractor_onWebOrPaperLess", "separator": "　"
                        }
                    },
                    "ST_KouzaJyouhou": {
                        "S_KZMEIGINMKN": {
                            "type": "name_kana", "target": "required_contractor_onWebOrPaperLess", "separator": "　"
                        }
                    },
                    "ST_KouzaJyouhouVrf": {
                        "S_KZMEIGINMKN": {
                            "type": "name_kana", "target": "required_contractor_onWebOrPaperLess", "separator": "　"
                        }
                    },
                    "ST_FBSoukinData": {
                        "S_KZMEIGINMKN": {
                            "type": "name_kana", "target": "required_contractor", "separator": "　"
                        }
                    },
                    "ST_Henkin": {
                        "S_KZMEIGINMKN": {
                            "type": "name_kana", "target": "required_contractor", "separator": "　"
                        }
                    },
                    "ST_LincSkeiJyusinInfo": {
                        "S_LINC_HHKNNMKN": {
                            "type": "name_kana", "target": "insured", "separator": "　"
                        },
                        "S_LINC_HHKNNMKJ": {
                            "type": "name_kanji", "target": "insured", "separator": "　"
                        },
                        "N_LINC_HHKNSEIYMD": {
                            "type": "birthday", "target": "insured"
                        },
                        "S_LINC_KYKNMKN": {
                            "type": "name_kana", "target": "required_contractor", "separator": "　"
                        },
                        "S_LINC_KYKNMKJ": {
                            "type": "name_kanji", "target": "required_contractor", "separator": "　"
                        },
                        "N_LINC_KYKSEIYMD": {
                            "type": "birthday", "target": "required_contractor"
                        }
                    },
                    "ST_LincSkeiSousinInfo": {
                        "S_LINC_HHKNNMKN": {
                            "type": "name_kana", "target": "insured", "separator": "　"
                        },
                        "S_LINC_HHKNNMKJ": {
                            "type": "name_kanji", "target": "insured", "separator": "　"
                        },
                        "N_LINC_HHKNSEIYMD": {
                            "type": "birthday", "target": "insured"
                        },
                        "S_LINC_KYKNMKN": {
                            "type": "name_kana", "target": "required_contractor", "separator": "　"
                        },
                        "S_LINC_KYKNMKJ": {
                            "type": "name_kanji", "target": "required_contractor", "separator": "　"
                        },
                        "N_LINC_KYKSEIYMD": {
                            "type": "birthday", "target": "required_contractor"
                        }
                    },
                    "ST_SkeiLincTourokuInfo": {
                        "S_HHKNNMKN": {
                            "type": "name_kana", "target": "insured", "separator": "　"
                        },
                        "S_HHKNNMKJ": {
                            "type": "name_kanji", "target": "insured", "separator": "　"
                        },
                        "S_HHKNSEIYMD": {
                            "type": "birthday", "target": "insured"
                        },
                        "S_KYKNMKN": {
                            "type": "name_kana", "target": "required_contractor", "separator": "　"
                        },
                        "S_KYKNMKJ": {
                            "type": "name_kanji", "target": "required_contractor", "separator": "　"
                        },
                        "S_KYKSEIYMD": {
                            "type": "birthday", "target": "required_contractor"
                        }
                    },
                    "ST_Uketorinin": {
                        "S_UKTNMKN": {
                            "type": "name_kana", "target": "receiver", "separator": "　"
                        },
                        "S_UKTNMKJ": {
                            "type": "name_kanji", "target": "receiver", "separator": "　"
                        }
                    },
                    "ST_UketorininVrf": {
                        "S_UKTNMKN": {
                            "type": "name_kana", "target": "receiver", "separator": "　"
                        },
                        "S_UKTNMKJ": {
                            "type": "name_kanji", "target": "receiver", "separator": "　"
                        }
                    },
                    "DT_MypageUser": {
                        "S_KYKNMKN": {
                            "type": "name_kana", "target": "required_contractor_onWeb", "separator": "　"
                        },
                        "S_KYKNMKJ": {
                            "type": "name_kanji", "target": "required_contractor_onWeb", "separator": "　"
                        },
                        "S_KYKSEIYMD": {
                            "type": "birthday", "target": "required_contractor_onWeb"
                        }
                    },
                    "KT_AnsyuRrk": {
                        "S_KZMEIGINMKN": {
                            "type": "name_kana", "target": "required_contractor", "separator": "　"
                        }
                    },
                    "KT_FBSoukinData": {
                        "S_KZMEIGINMKN": {
                            "type": "name_kana", "target": "required_contractor", "separator": "　"
                        }
                    },
                    "KT_BAK_FBSoukinData": {
                        "S_KZMEIGINMKN": {
                            "type": "name_kana", "target": "required_contractor", "separator": "　"
                        }
                    },
                    "KT_HhknSya": {
                        "S_HHKNNMKN": {
                            "type": "name_kana", "target": "insured", "separator": "　"
                        },
                        "S_HHKNNMKJ": {
                            "type": "name_kanji", "target": "insured", "separator": "　"
                        },
                        "S_HHKNSEIYMD": {
                            "type": "birthday", "target": "insured"
                        }
                    },
                    "KT_KykSya": {
                        "S_KYKNMKN": {
                            "type": "name_kana", "target": "required_contractor", "separator": "　"
                        },
                        "S_KYKNMKJ": {
                            "type": "name_kanji", "target": "required_contractor", "separator": "　"
                        },
                        "S_KYKSEIYMD": {
                            "type": "birthday", "target": "required_contractor"
                        }
                    },
                    "KT_HokenSyouken": {
                        "S_KYKNMKJ": {
                            "type": "name_kanji", "target": "required_contractor", "separator": "　"
                        },
                        "S_HHKNNMKJ": {
                            "type": "name_kanji", "target": "insured", "separator": "　"
                        },
                        "S_SBHENKANUKTNMKJ": {
                            "type": "name_kanji", "target": "receiver", "separator": "　", "uktSyuKbn": "7"
                        },
                        "S_STDRSKNMKJ": {
                            "type": "name_kanji", "target": "receiver", "separator": "　", "uktSyuKbn": "3"
                        }
                    },
                    "KT_KoujyoSym": {
                        "S_KYKNMKJ": {
                            "type": "name_kanji", "target": "required_contractor", "separator": "　"
                        }
                    },
                    "KT_Kz": {
                        "S_KZMEIGINMKN": {
                            "type": "name_kana", "target": "required_contractor", "separator": "　"
                        }
                    },
                    "KT_KzhuriAnnaiData": {
                        "S_KZMEIGINMKN": {
                            "type": "name_kana", "target": "required_contractor", "separator": "　"
                        },
                        "S_KYKNMKN": {
                            "type": "name_kana", "target": "required_contractor", "separator": "　"
                        }
                    },
                    "KT_KzhuriStartAnnai": {
                        "S_KZMEIGINMKN": {
                            "type": "name_kana", "target": "required_contractor", "separator": "　"
                        },
                        "S_KYKNMKJ": {
                            "type": "name_kanji", "target": "required_contractor", "separator": "　"
                        },
                        "S_HHKNNMKJ": {
                            "type": "name_kanji", "target": "insured", "separator": "　"
                        }
                    },
                    "KT_SaihokenData": {
                        "S_HHKNNMSEIKN": {
                            "type": "name_kana_l", "target": "insured", "separator": ""
                        },
                        "S_HHKNNMMEIKN": {
                            "type": "name_kana_f", "target": "insured", "separator": ""
                        }
                    },
                    "KT_Ukt": {
                        "S_UKTNMKN": {
                            "type": "name_kana", "target": "receiver", "separator": "　"
                        },
                        "S_UKTNMKJ": {
                            "type": "name_kanji", "target": "receiver", "separator": "　"
                        }
                    }
                }
            }
        }
    },
    "createUser": {
        "tableList": [
            "CM_Sousasya",
            "CM_Ketteisya",
            "HKT_SATEIRANKKENGEN"
        ],
        "tableCode": {
            "CM_Sousasya": "1",
            "CM_Ketteisya": "2",
            "HKT_SATEIRANKKENGEN": "3"
        },
        "keySet": {
            "CM_Sousasya": "S_SOUSASYACD",
            "CM_Ketteisya": "S_KETSYACD",
            "HKT_SATEIRANKKENGEN": "S_SOUSASYACD"
        },
        "querySet": {
            "CM_Sousasya": {
                "S_SOUSASYACD": ["04", "01", "11", "12", "02"],
                "S_SOUSASYANM": ["システム管理者", "事務管理者", "新契約", "支払保全", "代理店管理"],
                "S_SPECIALSOUSASYAKBN": "1",
                "S_PASSWORD": { "xora": "1", "pora": "1111111a" },
                "S_PASSWORDSETTEIYMD": "20120101",
                "S_PASSWORDYUUKOUKIKANKBN": "1",
                "S_PASSWORDYUUKOUKIKANYMD": "000300",
                "S_PASSWORDHENKOUKYOKAKBN": "1",
                "S_PASSWORDHENKOUYOUKYUUKBN": "1",
                "S_SOUSASYALOCKOUTKBN": "0",
                "N_LOGINERRORKAISUU": "0",
                "S_SOSIKICD": ["1050", "1060", "1060", "1060", "1040"],
                "S_SYOKSYCD": ["04", "01", "11", "12", "02"],
                "N_SYORILV": "0",
                "N_SANSYOULV": "0",
                "S_KOSID": "SUPERUSER",
                "S_KOSTIME": "20101112144334000",
                "S_HCTLTIME": "20101112144334000"
            },
            "CM_Ketteisya": {
                "S_KETSYACD": "01",
                "S_KETSYANM": "事務管理者",
                "N_KETRANKKBN": "2",
                "N_KETJYGNS": "999999999",
                "N_KNKSATEIRANKKBN": "4",
                "N_IMUSATEIRANKKBN": "3",
                "S_KOSID": "SUPERUSER",
                "S_KOSTIME": "20101112144334000",
                "S_HCTLTIME": "20101112144334000"
            },
            "HKT_SATEIRANKKENGEN": {
                "S_SOUSASYACD": ["01", "12"],
                "S_KINOUSSID": [
                    "hkhubikaisyou_kksh",
                    "hshrsyounin_kksh",
                    "hshrsyouninkaku_kksh",
                    "satei1_kksh",
                    "satei1kaku_kksh",
                    "satei2_kksh",
                    "satei2kaku_kksh",
                    "sharaiks_kksh",
                    "shrsyounin_kksh",
                    "shrsyouninkaku_kksh",
                    "skkansyoukanri_kksh",
                    "tokusyusiharai",
                    "tokusyusiharaikaku",
                    "tyousakaisyou_kksh"
                ],
                "N_SATEIRANKCD": ["11", "12", "21", "22", "31", "32", "41", "42"]
            }
        },
        "rules": {
            "combine": {
                "code": ["S_SOUSASYACD", "S_KETSYACD", "S_SOUSASYACD"],
                "name": ["S_SOUSASYANM", "S_KETSYANM"]
            },
            "base": {
                "CM_Sousasya": "S_SOUSASYACD",
                "CM_Ketteisya": "",
                "HKT_SATEIRANKKENGEN": ["S_SOUSASYACD", "S_KINOUSSID", "N_SATEIRANKCD"]
            },
            "spec": {
                "specPassword": {
                    "sid": ["pora", "pora2"],
                    "table": "CM_Sousasya",
                    "column": "S_PASSWORD",
                    "query": "SELECT S_PASSWORD FROM CM_Sousasya WHERE ROWNUM = 1"
                }
            }
        }
    },
    "lincErrorResolution": {
        "queryList": [
            "DELETE FROM ST_SKEILINCTOUROKUINFO WHERE S_SYONO = ${key}",
            "INSERT INTO ST_SKEILINCTOUROKUINFO (S_SYONO, N_KANYUUSYANO, S_HHKNNMKN, S_HHKNNMKJ, N_HHKNSEI, S_HHKNSEIYMD, S_HHKNADRLINCKN, N_KYKKBN, S_KYKNMKN, S_KYKNMKJ, N_KYKSEI, S_KYKSEIYMD, S_KYKADRLINCKN, S_TRKMOUSIDEYMD, S_KYKYTYMD, N_SGNYUNG, N_SIPNYUNG, N_SJNYUNG, N_SONOTANYUINNG, N_HUTUUSB, N_SGSBKSNS, S_KOSID, S_KOSTIME, S_HCTLTIME) VALUES (${key}, '123456789001', (SELECT S_HHKNNMKN FROM ST_MOSKIHON WHERE S_SYONO = ${key}), '', (SELECT N_HHKNSEI FROM ST_MOSKIHON WHERE S_SYONO = ${key}), (SELECT S_HHKNSEIYMD FROM ST_MOSKIHON WHERE S_SYONO = ${key}), '', '0', '', '', '0', '', '', '', '', '0', '0', '0', '0', '0', '0', 'hand', '20140220110000000', '20140220110000000')",
            "UPDATE ST_SyoriCTL SET N_LINCJKKBN = 4, N_LINCDATASOUSINKBN = 0 WHERE S_SYONO = ${key}"
        ]
    }
}